	SBI1	SBI2	SCL1	SCL2	SNI1	SNI2
SBI1		0.0321872	0.0564359	0.0933351	0.130218	0.228301
SBI2			0.0587961	0.107882	0.142518	0.276768
SCL1				0.0350534	0.0983417	0.141124
SCL2					0.118057	0.212835
SNI1						0.0262175
