	SBI1	SBI2	SCL1	SCL2	SNI1	SNI2	MNLND
SBI1		0.0282257	0.0561585	0.0915869	0.125885	0.208892	0.451611
SBI2			0.0571772	0.102314	0.124726	0.247777	0.515269
SCL1				0.0331906	0.0870926	0.124229	0.434896
SCL2					0.105404	0.190427	0.482966
SNI1						0.0252682	0.409221
SNI2							0.526351
