	SBI1	SBI2	SCL1	SCL2	SNI1	SNI2	MNLND
SBI1		0.031868	0.0522882	0.0814798	0.0948158	0.174831	0.495246
SBI2			0.0568377	0.0968023	0.106814	0.227101	0.525249
SCL1				0.0302826	0.0738399	0.114556	0.454548
SCL2					0.0866331	0.174003	0.498727
SNI1						0.0277229	0.429377
SNI2							0.533942
