	SBI1	SBI2	SCL1	SCL2	SNI1	SNI2	MNLND
SBI1		0.0304149	0.0549863	0.0844714	0.137233	0.268931	0.520308
SBI2			0.0574084	0.1024	0.151578	0.346918	0.559842
SCL1				0.0350983	0.109816	0.1816	0.482068
SCL2					0.126936	0.257576	0.521949
SNI1						0.0262804	0.434678
SNI2							0.564099
