	SBI1	SBI2	SCL1	SCL2	SNI1	SNI2	MNLND
SBI1		0.0173375	0.0137312	0.0442971	0.0241506	0.0223642	-nan
SBI2			0.0136547	0.0302673	0.0827688	0.0853143	-nan
SCL1				0.0290124	0.0378267	0.0344502	0.00713822
SCL2					0.20898	0.333206	-nan
SNI1						0.0221717	-nan
SNI2							-nan
