	SBI1	SBI2	SCL1	SCL2	SNI1	SNI2	MNLND
SBI1		0.0125138	0.0136299	0.00644468	0.192331	0.345948	-nan
SBI2			0.0137414	0.0139194	0.198847	0.287656	-nan
SCL1				0.0345399	0.128466	0.162678	-nan
SCL2					0.478377	0.802198	-nan
SNI1						0.0213177	0.0129717
SNI2							-nan
