	MNLND	SCA1	SCA2	SCI1	SCI2	SRI1	SRI2
MNLND		0.0242998	0.0256464	0.0481104	0.0540399	0.0382477	0.0560718
SCA1			0.0266011	0.0653828	0.0672353	0.0481693	0.0627012
SCA2				0.0552098	0.0525021	0.0446128	0.0444353
SCI1					0.0208456	0.0446175	0.0215039
SCI2						0.03604	0.022562
SRI1							0.0239882
