	MNLND	SCA1	SCA2	SCI1	SCI2	SRI1	SRI2
MNLND		0.0401606	0.0374206	0.0364576	0.0521297	0.0501523	0.0423033
SCA1			0.036748	0.0654787	0.0587662	0.0455038	0.0662263
SCA2				0.0594539	0.0687651	0.0760085	0.0614889
SCI1					0.0261428	0.0276767	0.0291116
SCI2						0.0205444	0.0373714
SRI1							0.0302943
