	MNLND	SCA1	SCA2	SCI1	SCI2	SRI1	SRI2
MNLND		0.0126283	0.0187626	0.0295119	0.0207181	0.0310641	0.0167088
SCA1			0.0234673	0.0473228	0.0545	0.0425535	0.0596705
SCA2				0.0567917	0.0694036	0.0522277	0.0740708
SCI1					0.0212948	0.0290188	0.0281751
SCI2						0.0156185	0.0240689
SRI1							0.0202264
