	MNLND	SCA1	SCA2	SCI1	SCI2	SRI1	SRI2
MNLND		0.0311655	0.0410116	0.0384608	0.0381352	0.0238431	0.023811
SCA1			0.0287453	0.0652769	0.0517829	0.0292993	0.043482
SCA2				0.0628611	0.0507375	0.0359472	0.038979
SCI1					0.0260168	0.0223753	0.026738
SCI2						0.0311062	0.0336248
SRI1							0.0223972
